{
  "step": 10000,
  "global": {
    "action_mean_per_dim": [
      0.8643833994865417,
      0.9896126389503479,
      0.6172685027122498,
      0.22418780624866486,
      0.18846628069877625,
      0.9711911678314209
    ],
    "action_std_per_dim": [
      0.47777172923088074,
      0.03669217601418495,
      0.4450279772281647,
      0.34902915358543396,
      0.3014894425868988,
      0.13130494952201843
    ],
    "frac_zero_per_dim": [
      0.0,
      0.0,
      0.0038082437275985663,
      0.004200268817204301,
      0.006216397849462365,
      0.0030801971326164875
    ],
    "Q_mean": 679.4425659179688,
    "Q_max": 2722.25341796875,
    "Q_p90": 1030.056884765625,
    "mean_log_std": -0.6355282068252563,
    "log_pi": 18.015943477630614,
    "cql_term_mean": -59.48856047821045,
    "cql_term_min": -169.65667724609375,
    "cql_term_max": 5.643201112747192
  },
  "expert_as_active_slice": {
    "size": 1408,
    "Q_mean": 561.906982421875,
    "Q_p90": 917.6304931640625,
    "actor_action_mean_per_dim": [
      0.9894796013832092,
      0.9900513291358948,
      0.8138352036476135,
      0.1734452098608017,
      0.18607594072818756,
      0.9891096353530884
    ]
  },
  "neg_v_beh_slice": {
    "size": 2123,
    "action_mean_per_dim": [
      0.9937312602996826,
      0.9904874563217163,
      0.9497377872467041,
      0.5831889510154724,
      0.5219032764434814,
      0.9910170435905457
    ],
    "action_std_per_dim": [
      0.012331337668001652,
      0.011360898613929749,
      0.1637267917394638,
      0.39138147234916687,
      0.3787010610103607,
      0.009907149709761143
    ]
  }
}