{
  "step": 20000,
  "global": {
    "action_mean_per_dim": [
      0.48364973068237305,
      0.9972037672996521,
      0.38750532269477844,
      0.28580474853515625,
      0.14696559309959412,
      0.9873460531234741
    ],
    "action_std_per_dim": [
      0.8370066285133362,
      0.01586011052131653,
      0.4469802677631378,
      0.39199259877204895,
      0.30279025435447693,
      0.08759472519159317
    ],
    "frac_zero_per_dim": [
      0.0,
      0.0,
      0.08277329749103943,
      0.1261200716845878,
      0.13804883512544802,
      0.0015120967741935483
    ],
    "Q_mean": 2525.289794921875,
    "Q_max": 7762.73974609375,
    "Q_p90": 3662.53759765625,
    "mean_log_std": -0.7029329538345337,
    "log_pi": 24.877839157104493,
    "cql_term_mean": 87.75601876449585,
    "cql_term_min": 47.38194465637207,
    "cql_term_max": 113.33723449707031
  },
  "expert_as_active_slice": {
    "size": 1408,
    "Q_mean": 1991.2034912109375,
    "Q_p90": 3099.783447265625,
    "actor_action_mean_per_dim": [
      0.7514337301254272,
      0.9971899390220642,
      0.6201525926589966,
      0.3420647382736206,
      0.12117370963096619,
      0.9968321323394775
    ]
  },
  "neg_v_beh_slice": {
    "size": 2123,
    "action_mean_per_dim": [
      0.8102709054946899,
      0.9950852394104004,
      0.6241457462310791,
      0.6331800222396851,
      0.4110049307346344,
      0.995581328868866
    ],
    "action_std_per_dim": [
      0.5172552466392517,
      0.028460275381803513,
      0.42391085624694824,
      0.39765113592147827,
      0.41063565015792847,
      0.022721705958247185
    ]
  }
}