{
  "step": 15000,
  "global": {
    "action_mean_per_dim": [
      0.7056390047073364,
      0.9961325526237488,
      0.5998467206954956,
      0.487858384847641,
      0.407012403011322,
      0.987740695476532
    ],
    "action_std_per_dim": [
      0.6878706216812134,
      0.006915167439728975,
      0.44522133469581604,
      0.4443618655204773,
      0.43156105279922485,
      0.07885821163654327
    ],
    "frac_zero_per_dim": [
      0.0,
      0.0,
      0.01881720430107527,
      0.01663306451612903,
      0.01243279569892473,
      0.0
    ],
    "Q_mean": 1450.9964599609375,
    "Q_max": 4118.08544921875,
    "Q_p90": 2095.86962890625,
    "mean_log_std": -0.6568042039871216,
    "log_pi": 22.33226123046875,
    "cql_term_mean": 34.60247722864151,
    "cql_term_min": -40.55490493774414,
    "cql_term_max": 77.12693786621094
  },
  "expert_as_active_slice": {
    "size": 1408,
    "Q_mean": 1090.48486328125,
    "Q_p90": 1903.811767578125,
    "actor_action_mean_per_dim": [
      0.9509249329566956,
      0.9952269196510315,
      0.7862555980682373,
      0.6668936014175415,
      0.5636102557182312,
      0.9953162670135498
    ]
  },
  "neg_v_beh_slice": {
    "size": 2123,
    "action_mean_per_dim": [
      0.9843379855155945,
      0.995410680770874,
      0.8862887620925903,
      0.8850120902061462,
      0.8287944793701172,
      0.9961004257202148
    ],
    "action_std_per_dim": [
      0.14410248398780823,
      0.012573759071528912,
      0.2582341432571411,
      0.2253747582435608,
      0.27669966220855713,
      0.005307038780301809
    ]
  }
}