{
  "step": 5000,
  "global": {
    "action_mean_per_dim": [
      0.8393077850341797,
      0.9319589138031006,
      0.24622167646884918,
      0.07729321718215942,
      0.07184986025094986,
      0.9237115383148193
    ],
    "action_std_per_dim": [
      0.509203314781189,
      0.09101052582263947,
      0.3178529739379883,
      0.16329000890254974,
      0.15695121884346008,
      0.16150715947151184
    ],
    "frac_zero_per_dim": [
      0.0,
      0.0,
      0.0006720430107526882,
      0.0031362007168458782,
      0.0034162186379928317,
      0.0016241039426523297
    ],
    "Q_mean": 306.4418640136719,
    "Q_max": 3273.1767578125,
    "Q_p90": 486.6181335449219,
    "mean_log_std": -0.5843109488487244,
    "log_pi": 13.452218696594239,
    "cql_term_mean": -193.82052143859863,
    "cql_term_min": -346.1601867675781,
    "cql_term_max": -92.08044815063477
  },
  "expert_as_active_slice": {
    "size": 1408,
    "Q_mean": 270.3985595703125,
    "Q_p90": 471.18695068359375,
    "actor_action_mean_per_dim": [
      0.9096593260765076,
      0.927076518535614,
      0.19965793192386627,
      0.08717432618141174,
      0.0828046053647995,
      0.927708089351654
    ]
  },
  "neg_v_beh_slice": {
    "size": 2123,
    "action_mean_per_dim": [
      0.9868378043174744,
      0.9264097213745117,
      0.5695881247520447,
      0.2077493518590927,
      0.20435751974582672,
      0.9600884914398193
    ],
    "action_std_per_dim": [
      0.029902171343564987,
      0.0859987735748291,
      0.3478281497955322,
      0.272365927696228,
      0.26507624983787537,
      0.07035898417234421
    ]
  }
}