{
  "step": 25000,
  "global": {
    "action_mean_per_dim": [
      -0.03906407579779625,
      0.9943390488624573,
      0.4285224974155426,
      0.14795400202274323,
      0.16260334849357605,
      0.9975529313087463
    ],
    "action_std_per_dim": [
      0.9560121893882751,
      0.04442036896944046,
      0.46143779158592224,
      0.31259825825691223,
      0.3216230869293213,
      0.0033931585494428873
    ],
    "frac_zero_per_dim": [
      0.00011200716845878136,
      0.0,
      0.14342517921146952,
      0.3796482974910394,
      0.28012992831541217,
      0.0
    ],
    "Q_mean": 3631.14453125,
    "Q_max": 8560.9716796875,
    "Q_p90": 4990.2705078125,
    "mean_log_std": -0.7427263855934143,
    "log_pi": 27.952464206695556,
    "cql_term_mean": 117.26896857452392,
    "cql_term_min": 89.41637420654297,
    "cql_term_max": 140.1697769165039
  },
  "expert_as_active_slice": {
    "size": 1408,
    "Q_mean": 3383.242431640625,
    "Q_p90": 4341.55859375,
    "actor_action_mean_per_dim": [
      -0.3975163698196411,
      0.9942378997802734,
      0.6461322903633118,
      0.13503417372703552,
      0.20151948928833008,
      0.9970146417617798
    ]
  },
  "neg_v_beh_slice": {
    "size": 2123,
    "action_mean_per_dim": [
      0.3540802001953125,
      0.9941816926002502,
      0.6918452978134155,
      0.43213024735450745,
      0.4898805320262909,
      0.9974002242088318
    ],
    "action_std_per_dim": [
      0.8806149363517761,
      0.03953099995851517,
      0.4213641285896301,
      0.4302769601345062,
      0.43970930576324463,
      0.0037591014988720417
    ]
  }
}